Tijdstempel,What is your name?,What is your email address?
3-3-2026 16:14:11,Daan,daan@email.nl
3-3-2026 16:15:28,Omar Khaled,omar@khaled.nl
3-3-2026 16:16:03,Avatar Aang,avataraang@thebestseriesever.com
3-3-2026 16:17:32,CoffeeLover1,coffeeenjoyer@hotdrinks.com
3-3-2026 16:19:02,Oliver Tree,otree@leafnetwork.au
3-3-2026 16:19:52,Annonymous 1,Annonymous1@annonymousemail.com
3-3-2026 16:20:04,Annonymous 2,Annonymous2@annonymousemail.com
3-3-2026 16:20:17,Annonymous 3,Annonymous3@annonymousemail.com
3-3-2026 16:21:27,Arthur Dent,bewildered-human-survivor@intergalacticmail.com
3-3-2026 16:21:57,Ford Prefect,alien-researcher-friend@intergalacticmail.com
3-3-2026 16:22:38,Zaphod Beeblebrox,two-headed-eccentric-galactic-president@intergalacticmail.com
